vesting_contract,beneficiary
0x18681aea55967553ac2875efef141cd349316619,0xe6ccadfb043a84c898ba7608f5c834f44903a43e
0x1c788219a3fa28ee4146b7ee268533f2570eb780,0x19b3D4Ba1eBE67d3308395dE3046b1b090ef5164
0xf48f1d62e56cfa3d50fab6dd1a83426544f23054,0x9985df97fb7dfa5f1c81d5019a18b3c7c8bedf10
0x34d94b631a00d87996e7220b0a65872bc98ab86b,0xc06Fd42a3E9437e9cF3946d75C8040425CEA1e98
0x4ae9ac34d38a9a9552207fb6f422ea753d096d03,0x43e5671bE59f5064270B6AA4a4A0589f338E4a73
0xdbed7a835c109b0d572101b34badbb07c8c03750,0x540b14e4bd871cfe59e48d19254328b5ff11d820
0x0f648c044ba7acfc423ddb565892695b4f3b9eee,0xaad3F0AF012630A2F218AbD5e795619d90A85E6d
0x318eba31ba6bec4c93c0a6418ec713349d921061,0xC10f616983b31C6742e04F217d49706544218825
0x2eda2cc9799427f271b4996abb0708723339112e,0xC36F1c8B2BE84cB97b36067797c64e99E07e28FF
0x558fe595e40a57b28554b97a2ed971760eeace1f,0x113f13f8292572De314Aa0df55e6ef4B711D8F37
0xa35c114feaf5cf38874ecf5de7a9c4eb19012367,0xF381a445647a84af29B5Ef3F0796659964A6DC76
0xff7a1acefba0d09c38544faaedd66647a14379f2,0xBCdA41E1eca7f8626e502EA1684a5F7Fa069f58c
0x0d42ab0e8feee60c2af8970c78e8c60f4eed0d32,0x2754192613f4526a1FC1EBF8620D6F73Ab91cA54
0xcf675f609636bc3239dd01fe16074e9dd4b8d4c6,0x3187c4bdb802c53b64d5fea6a6ab78f4f4a8ef0c
0xf8fd8d22c1da3eba6c5efd0c83bdb18312376eb4,0xD59Ea6D4151783F872c3c4100197e2d7407ac149
0x0590084b144f2ecf8e498295c84801fb5b0018c6,0x50352B9f4B6c0AED8a9AD001AD8c71bAa6D80873
0x5fe4e44f4b8bcd9034da381e048754a56be00ca8,0x841ec9a4d71bBd26932C4880C68e95a6EEc1b479
0x759fce601c17a2709f7fdd78d612864dc4103c0c,0xd563989087a8f88f3feb5990ac935bd9906f3951
0x0ad38022fec988262cac64a5b8b67750df815cd2,0xcaCfc7Ee3208585619F76d8609d6A6f32B7fD5a6
0x39fd920eed98f4e5941499a93ddce5ee62a89a32,0x0383ce6b1d536f71f3b27b25a3f5f74ab9252f5a
